Animals,Camel
Animals,Cat
Animals,Chicken
Animals,Cow
Animals,Dog
Animals,Dolphin
Animals,Duck
Animals,Fish
Animals,Frog
Animals,Goat
Animals,Guinea Pig
Animals,Horse
Animals,Human
Animals,Mouse
Animals,Pig
Animals,Pigeon
Animals,Rabbit
Animals,Sheep
Animals,Snake
Animals,Worm
Fruit,Apple
Fruit,Banana
Fruit,Blueberry
Fruit,Cherry
Fruit,Lemon
Fruit,Melon
Fruit,Orange
Fruit,Pomegranate
Fruit,Strawberry
Fruit,Tomato
Food,Apple Pie
Food,Bread
Food,Cake
Food,Cheese
Food,Chicken
Food,Chocolate
Food,Doughnut
Food,Egg
Food,Ice Cream
Food,Lobster
Food,Macaroni Cheese
Food,Mushrooms
Food,Pancakes
Food,Pasta
Food,Pizza
Food,Potato
Food,Rice
Food,Sandwich
Food,Sausage
Food,Steak
Organs,Bladder
Organs,Brain
Organs,Heart
Organs,Intestines
Organs,Kidneys
Organs,Liver
Organs,Lungs
Organs,Ovaries
Organs,Pancreas
Organs,Stomach
Household Objects,Book
Household Objects,Carpet
Household Objects,Chair
Household Objects,Comb
Household Objects,Curtain
Household Objects,Cushion
Household Objects,Knife
Household Objects,Lamp
Household Objects,Microwave
Household Objects,Mirror
Household Objects,Mug
Household Objects,Table
Household Objects,Telephone
Household Objects,Television
Household Objects,Vase
Clothing,Socks
Clothing,Skirt
Clothing,Trousers
Clothing,Shoes
Clothing,Gloves
Clothing,Hat
Clothing,Shirt
Clothing,Tie
Clothing,Shorts
Clothing,Scarf
